Question,Option_A,Option_B,Option_C,Option_D,Explanation,Correct Answer,Explanation_Criteria
1. What technique can be used in prompt engineering to ensure the generation of factually accurate responses?,A. Bias correction,B. Fine-tuning,C. Adversarial training,D. Data augmentation,"Bias correction adjusts prompts to mitigate model biases, ensuring factually accurate responses. Fine-tuning optimizes model performance, adversarial training enhances robustness, and data augmentation increases data variety but doesn't specifically ensure accuracy.",A. Bias correction,"1. Understanding of Bias: The explanation should demonstrate a clear understanding of what bias in AI models entails.
2. Mechanism of Bias Correction: Discuss how bias correction works in the context of prompt engineering.
3. Impact on Model Output: Explain how bias correction affects the responses generated by the model.
4. Examples of Bias: Provide examples of types of bias that can be mitigated through this technique.
5. Relevance to Prompt Engineering: Elaborate on why bias correction is crucial for improving the quality and fairness of model-generated content."
2. How does adjusting the temperature parameter affect the responses generated by ChatGPT?,A. Increases randomness,B. Reduces response length,C. Enhances response coherence,D. Introduces grammatical errors,"Adjusting the temperature parameter controls response creativity by increasing or decreasing randomness in sampling, influencing response variety and quality. It doesn't affect response length, coherence, or grammatical correctness directly.",A. Increases randomness,"1. Function of Temperature Parameter: Clearly define what the temperature parameter controls in AI models.
2. Effects on Randomness and Coherence: Discuss how altering the temperature influences the randomness and coherence of the model's responses.
3. Trade-offs: Explain the trade-offs between low and high temperature settings.
4. Practical Applications: Give examples of scenarios where adjusting the temperature would be beneficial.
5. Understanding of Parameter Impact: Demonstrate a thorough understanding of how temperature affects the overall behavior of language models."
3. Which technique is used in prompt engineering to enhance the model's ability to generate responses in multiple languages?,A. Multilingual fine-tuning,B. Language-specific data augmentation,C. Translation mapping,D. Cross-lingual adaptation,"Multilingual fine-tuning adapts models to generate responses across multiple languages, improving language versatility. Language-specific data augmentation, translation mapping, and cross-lingual adaptation focus on different aspects of multilingual AI but don't specifically address prompt engineering for multilingual responses.",A. Multilingual fine-tuning,"1. Purpose of Multilingual Fine-Tuning: Define multilingual fine-tuning and its goals in prompt engineering.
2. Benefits for Language Models: Explain how this technique improves model performance across different languages.
3. Techniques Involved: Describe the specific techniques used in multilingual fine-tuning.
4. Impact on Cross-Lingual Understanding: Discuss the impact on the model’s ability to understand and generate text in multiple languages.
5. Examples of Effectiveness: Provide examples demonstrating the effectiveness of multilingual fine-tuning."
"4. In prompt engineering, what is the purpose of using prefix prompts?",A. Provide context for response generation,B. Ensure grammatical correctness,C. Control response length,D. Enhance model training,"Prefix prompts set initial context or constraints for model responses, guiding specific outputs or behaviors. They don't ensure grammar correctness, control length, or directly improve training efficiency.",A. Provide context for response generation,"1. Definition and Purpose of Prefix Prompts: Define what prefix prompts are and their purpose in guiding AI responses.
2. Context Setting: Explain how prefix prompts provide context for subsequent model responses.
3. Influence on Model Outputs: Discuss how prefix prompts can influence the direction and scope of the responses.
4. Use Cases: Offer examples of practical applications of prefix prompts in various scenarios.
5. Effectiveness in Controlling Outputs: Evaluate how effective prefix prompts are in controlling and shaping model responses."
"5. Which parameter in OpenAI's GPT models controls the level of ""novelty"" in generated responses?",A. Top-p sampling,B. Nucleus sampling,C. Diversity penalty,D. Response uniqueness,"Top-p sampling restricts the probability distribution for sampling tokens, affecting response variety and novelty. Nucleus sampling sets the token probability threshold, while diversity penalties and response uniqueness aren't specific model parameters.",A. Top-p sampling,"1. Understanding Top-p Sampling: Define top-p sampling and its role in response generation.
2. Comparison with Other Sampling Techniques: Compare top-p sampling with other sampling methods like top-k.
3. Impact on Response Diversity: Discuss how top-p sampling influences the diversity and uniqueness of the responses.
4. Trade-offs and Limitations: Explain any trade-offs or limitations associated with using top-p sampling.
5. Examples of Practical Implementation: Provide examples where top-p sampling is particularly useful in generating model responses."
6. What is a potential drawback of using large-scale data augmentation in training ChatGPT models?,A. Increased computational costs,B. Reduced model generalization,C. Lower response accuracy,D. Limited training data availability,Large-scale data augmentation can increase computational demands and may lead to overfitting or reduced model generalization if not managed properly. It doesn't necessarily reduce accuracy or limit data availability directly.,B. Reduced model generalization,"1. Correct Explanation of Generalization: Ensure the explanation details why large-scale data augmentation might lead to reduced model generalization, emphasizing overfitting or the model becoming too tailored to the augmented data specifics.
2. Connection to Data Augmentation: Clearly connect the drawbacks directly to the process and scale of data augmentation, explaining how excessive augmentation affects model training.
3. Clarification of Misconceptions: Address why the other options (increased computational costs, lower response accuracy, limited training data availability) are less directly related to the core issue of generalization.
4. Depth of Understanding: Include insights into how model generalization is a crucial metric for the performance of AI models in varied real-world scenarios and how it can be compromised.
5. Accuracy and Precision: The explanation must accurately reflect the known impacts of data augmentation on model training and be precise in how it does not necessarily reduce accuracy or limit data availability."
"7. How does adjusting the ""presence penalty"" parameter affect the relevance of generated responses?",A. Increases context awareness,B. Reduces repetition in responses,C. Enhances response specificity,D. Improves response coherence,"Presence penalty discourages model responses that duplicate content from the input, promoting more contextually relevant and diverse outputs. It doesn't directly enhance context awareness, reduce repetition, improve specificity, or coherence.",B. Reduces repetition in responses,"1. Direct Link to Presence Penalty: Ensure the explanation explicitly links the presence penalty setting to its function in reducing repetition in responses.
2. Mechanism of Action: Explain how the presence penalty works by penalizing repeated content, thus discouraging the model from duplicating phrases or concepts from the input or previous parts of the conversation.
3. Clarification of Non-Impacts: Address why the other options (increases context awareness, enhances response specificity, improves response coherence) are not the primary effects of the presence penalty.
4. Contextual Relevance: Highlight how reducing repetition through the presence penalty contributes to more unique and varied responses, indirectly affecting the overall relevance and appeal of the responses.
5. Accuracy and Detailed Explanation: Provide a detailed and accurate explanation of how presence penalty adjustments affect the model's output, ensuring clarity in how it does not directly enhance specificity or coherence but contributes to diversity and relevance by avoiding redundancy."
8. Which technique is used to ensure the ethical use of AI models like ChatGPT in sensitive applications?,A. Bias correction,B. Fairness regularization,C. Accountability framing,D. Adversarial training,"Fairness regularization adjusts models to ensure equitable outcomes, reducing biases in AI applications. Bias correction, accountability framing, and adversarial training focus on other aspects of AI ethics but not specifically on fairness in applications.",B. Fairness regularization,"1. Direct Relevance to Fairness Regularization: The explanation should explicitly state how fairness regularization is designed to adjust AI models for equitable outcomes and specifically focus on fairness.
2. Definition and Mechanism: Define fairness regularization and describe how it works to adjust the decision boundaries or output distributions of models to minimize bias and enhance fairness.
3. Distinction from Other Options: Clarify how fairness regularization differs from bias correction, accountability framing, and adversarial training, particularly in its direct focus on fairness as opposed to general bias or ethical guidelines.
4. Practical Impact: Illustrate the practical importance of fairness regularization in applications where ethical considerations are critical, such as in healthcare or criminal justice.
5. Comprehensive and Accurate Explanation: Ensure the explanation provides a thorough understanding of the technique, its implementation, and its implications, maintaining accuracy and depth to inform users correctly about its role in AI ethics."
9. How does fine-tuning affect the responsiveness of ChatGPT in specialized tasks?,A. Increases model speed,B. Enhances task-specific performance,C. Reduces memory usage,D. Improves model scalability,"Fine-tuning adjusts model parameters to optimize performance for specific tasks, improving responsiveness and accuracy in specialized applications. It doesn't affect model speed, memory usage, or scalability directly.",B. Enhances task-specific performance,"1. Specific Enhancement in Performance: The explanation should clarify how fine-tuning specifically enhances the model's performance on specialized tasks, focusing on improved responsiveness and accuracy.
2. Mechanism of Fine-Tuning: Describe the process of fine-tuning, including how adjusting model parameters to better fit specific datasets or problem domains can enhance task-specific performance.
3. Distinction from Other Effects: Explain why fine-tuning does not primarily affect model speed, memory usage, or scalability, focusing on how it optimizes performance rather than infrastructure or operational efficiencies.
4. Examples of Impact: Provide examples or hypothetical scenarios where fine-tuning has notably improved the performance of models like ChatGPT in tasks such as legal analysis, medical diagnosis, or customer service interactions.
5. Comprehensive and Accurate Explanation: Ensure the explanation is comprehensive, detailing both the benefits and limitations of fine-tuning, and maintaining technical accuracy to correctly inform users about its specific role in enhancing performance."
10. What is a potential benefit of using ensemble techniques with ChatGPT models?,A. Increases model interpretability,B. Boosts response diversity,C. Reduces training time,D. Enhances language fluency,"Ensemble techniques combine multiple models to improve overall prediction accuracy and robustness, boosting response diversity and reliability. They don't necessarily impact interpretability, training time, or language fluency directly.",B. Boosts response diversity,"1. Direct Connection to Response Diversity: The explanation should clearly establish how ensemble techniques contribute to boosting the diversity of responses by incorporating multiple model outputs.
2. Mechanism of Ensemble Techniques: Detail the process of ensemble techniques, explaining how combining predictions from various models can lead to a more diverse set of responses, enhancing the robustness and reducing biases.
3. Clarification of Non-impacts: Clearly distinguish how ensemble techniques do not primarily affect model interpretability, reduce training time, or enhance language fluency, focusing instead on the diversity and reliability of outputs.
4. Benefits Beyond Diversity: While focusing on response diversity, also touch on how ensemble methods can improve overall prediction accuracy and reliability by aggregating diverse perspectives.
5. Comprehensive and Detailed Explanation: Ensure the explanation is thorough, accurate, and provides a clear understanding of how ensemble techniques operate within AI systems like ChatGPT to enhance performance in specific ways."
11. Which parameter adjustment is effective in reducing the generation of repetitive responses by ChatGPT?,A. Diverse beam search,B. Penalizing repetition,C. Decreasing learning rate,D. Increasing batch size,"Penalizing repetition encourages the model to produce diverse responses by discouraging repeated content, improving dialogue quality and relevance. Diverse beam search, learning rate adjustments, and batch size variations affect other aspects of model behavior.",B. Penalizing repetition,"1. Clear Link to Penalizing Repetition: The explanation should specifically articulate how penalizing repetition functions to decrease redundancy in the model's outputs, ensuring a direct connection to reducing repetitiveness.
2. Mechanism of Penalizing Repetition: Explain the technical mechanism by which penalizing repetition is implemented within the model's architecture, such as modifying the scoring system in language generation to reduce the likelihood of repeating content.
3. Distinction from Other Parameters: Clearly differentiate how other options like diverse beam search, decreasing learning rate, and increasing batch size do not specifically target the reduction of repetitive responses, but rather impact other model behaviors and training dynamics.
4. Impact on Dialogue Quality: Highlight the benefits of reducing repetitive responses, such as improved dialogue quality and increased relevance, making conversations with AI more engaging and less predictable.
5. Comprehensive and Accurate Explanation: Ensure that the explanation is thorough, covering both the direct effects and the broader implications of penalizing repetition, while maintaining accuracy and clarity to effectively communicate this parameter’s role."
12. What role does self-attention play in the architecture of GPT models like ChatGPT?,A. Ensures real-time response generation,B. Controls memory usage,C. Manages input-output alignment,D. Enhances contextual understanding,"Self-attention mechanisms in GPT models allow them to weigh and prioritize input tokens during processing, improving contextual understanding and response coherence. They don't ensure real-time response generation, control memory, or manage input-output alignment directly.",D. Enhances contextual understanding,"1. Focus on Contextual Understanding: Ensure the explanation clearly states how self-attention mechanisms enable the model to enhance its understanding of context by assessing the relevance of different parts of the input.
2. Mechanism of Self-Attention: Describe the technical process of self-attention in GPT models, explaining how it assigns different weights to parts of the input sequence, allowing the model to focus on relevant information for generating responses.
3. Distinction from Other Functions: Clarify why the other options (ensuring real-time response generation, controlling memory usage, managing input-output alignment) are not directly influenced by self-attention, focusing on its primary role in context processing.
4. Benefits of Enhanced Contextual Understanding: Discuss the practical benefits of improved contextual understanding, such as more coherent and relevant responses, particularly in complex dialogue scenarios.
5. Detailed and Accurate Explanation: Provide a detailed and technically accurate explanation of how self-attention contributes to the overall effectiveness of the GPT model, ensuring clarity and depth to enhance understanding."
13. Which approach is used to improve the coherence of multi-turn conversations with ChatGPT?,A. Implementing dialogue state tracking,B. Fine-tuning on conversation datasets,C. Injecting prior context tokens,D. Reducing response diversity,"Dialogue state tracking maintains context across turns, enhancing dialogue coherence and relevance. Fine-tuning and prior context tokens improve specificity but don't directly manage dialogue coherence. Reducing response diversity may limit conversational flow.",A. Implementing dialogue state tracking,"1. Specific Role of Dialogue State Tracking: The explanation should explicitly describe how dialogue state tracking works to maintain context and coherence across multiple turns in a conversation.
2. Mechanism and Benefits: Explain the technical process of dialogue state tracking, emphasizing how it records and uses past dialogue elements to ensure that subsequent responses are contextually aligned and coherent.
3. Distinction from Other Techniques: Clearly differentiate dialogue state tracking from other listed approaches like fine-tuning, injecting prior context, and reducing response diversity, detailing why these other methods do not directly enhance coherence in the same way.
4. Impact on Dialogue Quality: Highlight how maintaining a coherent state across conversations improves the overall quality of interactions, making them more natural and user-friendly.
5. Comprehensive and Accurate Explanation: Ensure the explanation is thorough and accurate, providing insights into how dialogue state tracking specifically enhances dialogue coherence and relevance, while addressing its limitations and challenges if any."
14. What is the primary advantage of using causal language models in prompt engineering?,A. Enables bidirectional information flow,B. Improves response relevance,C. Facilitates parallel training,D. Supports sequential prediction,"Causal language models predict outputs based on previous tokens, supporting sequential prediction and improving response flow and relevance. They don't facilitate bidirectional flow or parallel training directly.",D. Supports sequential prediction,"1. Focus on Sequential Prediction: Ensure the explanation emphasizes that causal language models are inherently designed for sequential prediction, meaning they generate each token based on the previously generated tokens.
2. Explanation of Causal Modeling: Describe how causal models operate, highlighting the one-way nature of their prediction process, which starts from the first token and proceeds token by token until the end of a sequence.
3. Distinction from Other Model Types: Clarify why causal models do not support bidirectional information flow or parallel training, distinguishing them from other architectures like transformer-based models that allow for such functionalities.
4. Benefits of Sequential Prediction: Discuss the practical benefits of sequential prediction, such as maintaining a coherent and logical flow in generated text, which is crucial for tasks like story writing or structured content creation.
5. Comprehensive and Accurate Explanation: Provide a detailed and technically accurate explanation of causal language models, ensuring clarity in how they contribute to the overall performance of prompt engineering by supporting sequential prediction."
15. Which parameter adjustment is effective in controlling the specificity of responses generated by ChatGPT?,A. Increasing context window size,B. Reducing response length,C. Adding response diversity,D. Implementing content tokens,"Increasing the context window size extends input influence, enhancing response specificity by incorporating more context into generated outputs. Other options may influence response quality but don't specifically control specificity.",A. Increasing context window size,"1. Emphasis on Context Window Size: Ensure the explanation clearly describes how increasing the context window size allows the model to consider a larger segment of input, thus enhancing the specificity of its responses by incorporating more relevant details.
2. Mechanism of Action: Detail how extending the context window impacts the model’s processing, allowing it to draw from a broader range of information and thereby tailor its responses more closely to the input.
3. Distinction from Other Parameters: Clarify why the other options (reducing response length, adding response diversity, implementing content tokens) do not specifically target the control of response specificity in the way increasing the context window does.
4. Practical Impact on Specificity: Discuss the practical implications of increased specificity in responses, such as improved accuracy in answering questions or better alignment with user inquiries in various applications.
5. Detailed and Accurate Explanation: Provide a comprehensive explanation that covers both the technical aspects and the user-facing benefits of increasing the context window size, ensuring the explanation is technically accurate and easy to understand."
16. How does increasing the depth of transformer layers in ChatGPT models impact performance?,A. Boosts response speed,B. Enhances model scalability,C. Improves long-range dependencies,D. Reduces computational overhead,"Increasing transformer layer depth enables ChatGPT models to capture more complex patterns and dependencies, improving performance in handling long-range contextual relationships. It doesn't directly impact response speed, scalability, or computational overhead.",C. Improves long-range dependencies,"1. Focus on Long-Range Dependencies: Ensure the explanation explicitly highlights how deeper transformer layers enhance the model’s ability to handle long-range dependencies, which are critical for understanding and maintaining context over larger text spans.
2. Technical Explanation of Layer Depth: Describe the role of increased depth in transformer architectures, explaining how additional layers provide the model with more capacity to analyze and synthesize information across different parts of the input.
3. Distinction from Other Effects: Clarify that increasing the depth of layers does not primarily improve response speed, scalability, or reduce computational overhead, but rather focuses on enhancing the model's contextual understanding and pattern recognition capabilities.
4. Practical Implications: Discuss the practical benefits of improved handling of long-range dependencies, such as better coherence in extended dialogues or more accurate interpretation of complex documents.
5. Comprehensive and Accurate Explanation: Provide a detailed and technically accurate explanation, ensuring that it covers how the added depth contributes to model performance specifically in terms of capturing complex patterns and improving overall response quality."
17. What is the primary purpose of using the top-k sampling technique in generating responses with ChatGPT?,A. Controls token probability distribution,B. Enhances response diversity,C. Minimizes response length,D. Improves model training efficiency,"Top-k sampling restricts the probability distribution for sampling tokens, focusing on high-probability outputs and controlling model response creativity and relevance. It doesn't specifically enhance diversity, control length, or improve training efficiency.",A. Controls token probability distribution,"1. Specific Function of Top-k Sampling: Ensure the explanation clearly describes how top-k sampling controls the token probability distribution by limiting the selection to the top k most likely next tokens, thus steering the direction and nature of generated responses.
2. Mechanism of Top-k Sampling: Explain the process of top-k sampling, including how it narrows down the probability distribution to focus on a subset of possible tokens, which helps in controlling the output's variability and predictability.
3. Distinction from Other Sampling Methods: Distinguish top-k sampling from other techniques like top-p sampling or random sampling, emphasizing that top-k's primary role is controlling the spread of token probabilities rather than enhancing diversity or minimizing response length.
4. Impact on Response Creativity and Relevance: Discuss how controlling token probability distribution through top-k sampling affects the creativity and relevance of the model’s responses, shaping how responses are formulated based on the context provided.
5. Detailed and Accurate Explanation: Provide a thorough and accurate explanation of the top-k sampling technique, ensuring it is understandable and highlights its specific role in managing how responses are generated in terms of both creativity and technical implementation."
18. How does zero-shot learning benefit the use of ChatGPT in unfamiliar tasks?,A. Reduces computational requirements,B. Improves response accuracy,C. Enables task adaptation,D. Enhances model generalization,"Zero-shot learning allows ChatGPT to perform adequately in new tasks without explicit training, leveraging pre-existing knowledge and improving adaptability and generalization. It doesn't reduce computational demands or directly enhance accuracy.",C. Enables task adaptation,"1. Emphasis on Task Adaptation: Ensure the explanation clearly highlights how zero-shot learning enables ChatGPT to adapt to new tasks without prior specific training, focusing on the ability to handle tasks it wasn't explicitly trained on.
2. Mechanism of Zero-Shot Learning: Describe how zero-shot learning works, emphasizing how the model uses its pre-trained knowledge to make inferences about new tasks, thereby showing versatility and flexibility.
3. Distinction from Other Benefits: Clarify why zero-shot learning does not primarily reduce computational demands or directly enhance accuracy but focuses on enabling the model to perform tasks beyond its initial training scope.
4. Generalization and Adaptability: Discuss the broader implications of zero-shot learning in terms of improving the model's generalization capabilities, which allows it to perform well across a diverse range of scenarios and tasks.
5. Comprehensive and Accurate Explanation: Provide a detailed and technically accurate explanation of zero-shot learning, ensuring that it covers both the theoretical underpinnings and practical applications, highlighting how this capability enhances the utility of ChatGPT in real-world applications."
19. Which technique is effective in ensuring the ethical use of ChatGPT in content moderation applications?,A. Implementing response diversity,B. Adversarial training,C. Bias mitigation,D. Injecting content warnings,"Bias mitigation adjusts models to reduce unfair outcomes, ensuring ethical usage in content moderation by minimizing harmful or biased responses. Response diversity, adversarial training, and content warnings address other aspects of model behavior but not specifically ethics in moderation.",C. Bias mitigation,"1. Focus on Bias Mitigation: Ensure the explanation clearly articulates how bias mitigation works to adjust the model to minimize unfair outcomes, especially in terms of reducing harmful or biased responses in content moderation.
2. Mechanism of Bias Mitigation: Explain the techniques involved in bias mitigation, such as adjusting training datasets, re-weighting the importance of certain data, or applying algorithmic corrections that aim to reduce bias in model outputs.
3. Distinction from Other Techniques: Clarify why other options like implementing response diversity, adversarial training, and injecting content warnings do not specifically target the ethical challenges in moderation as directly as bias mitigation does.
4. Ethical Implications: Discuss the ethical implications of reducing bias in AI models, emphasizing the importance of fairness and the potential consequences of biased decisions in content moderation contexts.
5. Detailed and Accurate Explanation: Provide a thorough and technically accurate explanation of bias mitigation, ensuring it is comprehensive and communicates the specific role of this technique in improving the ethical use of ChatGPT in moderation tasks."
20. How does adjusting the context length parameter affect the relevance of responses generated by ChatGPT?,A. Improves specificity,B. Increases response diversity,C. Enhances context understanding,D. Controls input size,"Adjusting the context length parameter extends input influence, improving response relevance and context understanding by incorporating more preceding tokens into generated outputs. It doesn't directly impact specificity, diversity, or input size control.",C. Enhances context understanding,"1. Emphasis on Context Understanding: Ensure the explanation clearly states how adjusting the context length parameter enhances the model's ability to understand and integrate more of the input context, thereby improving the overall relevance of its responses.
2. Mechanism of Context Length Adjustment: Describe how increasing or adjusting the context length allows the model to consider a larger portion of the input, enabling a deeper and more comprehensive understanding of the context.
3. Distinction from Other Parameters: Clarify why this adjustment does not primarily affect specificity, diversity, or control over input size but focuses specifically on enhancing context understanding.
4. Impact on Response Quality: Discuss how better context understanding leads to responses that are more aligned with the nuances and details of the conversation, enhancing the user experience.
5. Detailed and Accurate Explanation: Provide a detailed and technically accurate explanation of how the context length parameter works and its direct impact on the model's performance, ensuring clarity and depth in the explanation."
21. What role does attention masking play in the training of ChatGPT models?,A. Enhances computational efficiency,B. Controls information flow,C. Reduces model complexity,D. Manages memory usage,"Attention masking filters input tokens during training, directing model focus and improving learning efficiency by prioritizing relevant information. It doesn't directly enhance computational efficiency, control flow, or reduce complexity.",B. Controls information flow,"1. Focus on Information Flow Control: Ensure the explanation clearly highlights how attention masking functions to control the flow of information by selectively filtering which input tokens the model should focus on during training.
2. Mechanism of Attention Masking: Describe how attention masking operates, including its role in the self-attention mechanism of transformers, which allows the model to ignore or pay less attention to less relevant parts of the input.
3. Distinction from Other Effects: Clarify why attention masking does not primarily enhance computational efficiency, reduce model complexity, or manage memory usage but is specifically focused on optimizing the information processing within the model.
4. Impact on Learning Efficiency: Discuss the practical benefits of controlling information flow through attention masking, such as improved focus on relevant details and more efficient learning processes.
5. Detailed and Accurate Explanation: Provide a comprehensive and technically accurate explanation of attention masking, ensuring it covers how it directly impacts model training by enhancing focus and relevance, which in turn affects overall model performance."
22. Which technique is used to improve the robustness of ChatGPT in handling ambiguous or misleading prompts?,A. Implementing response validation,B. Fine-tuning on diverse datasets,C. Applying input preprocessing,D. Injecting context tokens,"Fine-tuning on diverse datasets adjusts models to recognize and process varied inputs, enhancing robustness and accuracy in interpreting ambiguous or misleading prompts. Response validation, preprocessing, and context token injection address other aspects of model preparation but not specifically robustness in prompt handling.",B. Fine-tuning on diverse datasets,"1. Focus on Fine-Tuning on Diverse Datasets: Ensure the explanation clearly states how fine-tuning ChatGPT on diverse datasets enhances its ability to handle a wide range of input types, including ambiguous or misleading prompts.
2. Mechanism of Fine-Tuning: Describe the process of fine-tuning, including how exposure to varied and complex datasets helps the model learn more robust and versatile patterns of response, improving its ability to interpret and respond accurately to uncertain inputs.
3. Distinction from Other Techniques: Clarify why other options such as implementing response validation, applying input preprocessing, and injecting context tokens do not primarily target the improvement of robustness in handling ambiguous prompts as directly as fine-tuning does.
4. Impact on Model Robustness: Discuss the practical benefits of robustness in AI applications, emphasizing how improved handling of ambiguous prompts leads to more reliable and trustworthy interactions, especially in critical or complex conversational scenarios.
5. Detailed and Accurate Explanation: Provide a detailed and technically accurate explanation of how fine-tuning on diverse datasets specifically impacts the model’s ability to deal with ambiguity, ensuring clarity and depth in the explanation."
23. How does using the nucleus sampling technique enhance the diversity of responses generated by ChatGPT?,A. Sets a dynamic token probability threshold,B. Restricts the token distribution,C. Increases randomness in sampling,D. Ensures response coherence,"Nucleus sampling dynamically adjusts token probability thresholds, focusing on high-probability tokens and enhancing response diversity by including a broader range of potential outputs. It doesn't restrict distribution, increase randomness, or ensure coherence.",A. Sets a dynamic token probability threshold,"1. Emphasis on Dynamic Threshold Setting: Ensure the explanation clearly describes how nucleus sampling sets a dynamic probability threshold, allowing the model to focus on a subset of high-probability tokens while still maintaining a range of potential outputs.
2. Mechanism of Nucleus Sampling: Explain the technical process of nucleus sampling, highlighting how it selects tokens from the cumulative distribution function (CDF) of token probabilities until a specific threshold is reached, typically encompassing the most probable tokens that collectively meet the threshold.
3. Distinction from Other Sampling Methods: Clarify why nucleus sampling does not merely restrict token distribution or increase randomness, but rather smartly selects a threshold that balances between diversity and relevance of the responses.
4. Impact on Response Diversity: Discuss the practical benefits of using nucleus sampling in terms of enhancing response diversity, making it possible to generate more varied and interesting responses while still remaining contextually relevant.
5. Detailed and Accurate Explanation: Provide a comprehensive and technically accurate explanation of how nucleus sampling works, ensuring that it covers how the dynamic setting of token probability thresholds directly impacts the diversity of the generated responses."
24. What is the primary advantage of incorporating knowledge distillation in training ChatGPT models?,A. Reduces model training time,B. Enhances model interpretability,C. Transfers knowledge from larger models,D. Improves response accuracy,"Knowledge distillation transfers insights from larger models to smaller ones, improving efficiency and performance in generating accurate responses with reduced computational resources. It doesn't directly impact training time, interpretability, or response accuracy.",C. Transfers knowledge from larger models,"1. Focus on Knowledge Transfer: Ensure the explanation clearly states how knowledge distillation involves transferring insights and learning from larger, often more powerful models to smaller, more efficient models.
2. Mechanism of Knowledge Distillation: Describe the process of knowledge distillation, highlighting how it typically works by training a smaller model (the student) to emulate the behavior of a larger model (the teacher), thereby gaining the ability to perform at a level closer to the larger model without needing its extensive resources.
3. Distinction from Other Benefits: Clarify why knowledge distillation primarily focuses on the transfer of knowledge rather than directly reducing model training time, enhancing interpretability, or improving response accuracy.
4. Impact on Computational Efficiency: Discuss the secondary benefits, such as enhanced computational efficiency and performance, which allows smaller models to function effectively in environments where deploying larger models would be impractical.
5. Detailed and Accurate Explanation: Provide a comprehensive and technically accurate explanation of knowledge distillation, ensuring that it covers how this technique effectively allows smaller models to ""learn"" from the successes and capabilities of larger models, thereby broadening their application potential and operational efficiency."
25. How does transfer learning benefit the adaptation of ChatGPT to new domains or tasks?,A. Increases model efficiency,B. Boosts response variety,C. Facilitates knowledge transfer,D. Enhances model scalability,"Transfer learning allows ChatGPT to leverage pre-existing knowledge from related tasks or domains, accelerating adaptation and improving performance without starting training from scratch. It doesn't specifically increase efficiency, response variety, or scalability.",C. Facilitates knowledge transfer,"1. Emphasis on Knowledge Transfer: Ensure the explanation clearly articulates how transfer learning facilitates the transfer of knowledge from one domain or task to another, allowing ChatGPT to apply pre-existing expertise to new challenges.
2. Mechanism of Transfer Learning: Describe the technical process of transfer learning, explaining how a model trained on one set of data (source domain) can apply its learned features and insights to a different set of data (target domain), thereby speeding up adaptation and enhancing performance.
3. Distinction from Other Benefits: Clarify why transfer learning primarily focuses on facilitating knowledge transfer rather than directly boosting response variety, increasing efficiency, or enhancing scalability.
4. Impact on Model Adaptation: Discuss the practical benefits of transfer learning in terms of rapid adaptation to new domains, which is crucial for maintaining high performance across diverse applications without the need for extensive retraining.
5. Detailed and Accurate Explanation: Provide a comprehensive and technically accurate explanation of transfer learning, ensuring that it covers how this technique leverages existing knowledge to bridge gaps between different domains or tasks effectively."
26. What role do prompt templates play in enhancing the usability of ChatGPT in structured applications?,A. Standardizes response formatting,B. Minimizes training data requirements,C. Simplifies model deployment,D. Improves model scalability,"Prompt templates standardize input formats, guiding response generation and improving usability in structured applications by streamlining interactions and ensuring consistency. They don't directly minimize data needs, simplify deployment, or enhance scalability.",A. Standardizes response formatting,"1. Emphasis on Standardization of Formatting: Ensure the explanation clearly highlights how prompt templates standardize the formatting of responses, which is crucial for maintaining consistency in structured applications where specific formats are often required.
2. Mechanism of Prompt Templates: Describe how prompt templates work by providing predefined structures that guide the generation of responses, thereby ensuring that outputs adhere to certain standards or formats necessary for specific applications.
3. Distinction from Other Effects: Clarify why prompt templates primarily focus on standardizing response formatting rather than minimizing training data needs, simplifying deployment processes, or enhancing scalability.
4. Impact on Usability: Discuss the practical benefits of using prompt templates in structured applications such as customer service, reporting, or data entry, where consistency and adherence to format are critical for operational efficiency and user satisfaction.
5. Detailed and Accurate Explanation: Provide a comprehensive and technically accurate explanation of how prompt templates enhance the usability of ChatGPT, ensuring clarity in how they contribute to streamlined interactions and consistent outputs."
27. How does using multi-task learning benefit the performance of ChatGPT in handling diverse tasks?,A. Balances task priorities,B. Increases model size,C. Reduces training iterations,D. Enhances task-specific expertise,"Multi-task learning simultaneously trains ChatGPT on multiple tasks, optimizing performance by sharing learned knowledge across tasks and improving overall task adaptability. It doesn't directly balance priorities, increase size, or reduce training cycles.",D. Enhances task-specific expertise,"1. Emphasis on Task-Specific Expertise: Ensure the explanation clearly articulates how multi-task learning enhances ChatGPT's expertise in specific tasks by exposing the model to a variety of tasks during training, which helps it develop a more nuanced understanding and skill set.
2. Mechanism of Multi-Task Learning: Describe the technical process of multi-task learning, emphasizing how training on multiple tasks simultaneously allows the model to generalize knowledge across different domains and apply learned insights more effectively.
3. Distinction from Other Benefits: Clarify why multi-task learning does not primarily focus on balancing task priorities, increasing model size, or reducing training iterations but specifically aims to enhance expertise and adaptability in handling diverse tasks.
4. Impact on Performance Adaptability: Discuss the practical benefits of improved task-specific expertise, such as increased adaptability and efficiency in switching between tasks or applying knowledge from one task to solve problems in another.
5. Detailed and Accurate Explanation: Provide a comprehensive and technically accurate explanation of multi-task learning, ensuring that it covers how this approach leverages shared learning experiences to enhance the model's capability in specific tasks."
28. Which parameter adjustment is effective in improving the fluency of responses generated by ChatGPT?,A. Adjusting the temperature parameter,B. Increasing the batch size,C. Implementing beam search,D. Reducing learning rate,"Adjusting the temperature parameter fine-tunes response creativity by balancing randomness, enhancing response fluency and naturalness without affecting batch size, beam search, or learning rate.",A. Adjusting the temperature parameter,"1. Emphasis on Temperature Parameter: Ensure the explanation clearly describes how adjusting the temperature parameter affects the randomness and predictability of responses, thereby influencing the fluency and naturalness of the generated text.
2. Mechanism of Temperature Adjustment: Explain how the temperature parameter controls the sharpness of the probability distribution used to select the next word in a sequence. Lower temperatures lead to less randomness (more predictable responses), while higher temperatures increase randomness (more varied responses).
3. Impact on Fluency: Discuss how a carefully adjusted temperature can enhance the fluency of responses by making them appear more natural and less robotic, thus improving the overall conversational quality.
4. Distinction from Other Parameters: Clarify why adjustments to the temperature parameter specifically target the fluency and style of responses, as opposed to changes in batch size, the use of beam search, or reductions in learning rate, which affect other aspects of model training and output.
5. Detailed and Accurate Explanation: Provide a detailed and technically accurate explanation of the role of the temperature parameter in response generation, ensuring that it covers both the theoretical aspects and practical implications for improving response fluency."
29. How does pretraining on diverse datasets benefit the performance of ChatGPT in understanding varied contexts?,A. Enhances generalization,B. Improves response specificity,C. Boosts model interpretability,D. Reduces computational overhead,"Pretraining on diverse datasets exposes ChatGPT to varied contexts, improving generalization and adapting model responses to different scenarios, beyond specific tasks. It doesn't directly improve specificity, interpretability, or reduce overhead.",A. Enhances generalization,"1. Emphasis on Generalization: Ensure the explanation clearly states how pretraining on diverse datasets enhances the model’s ability to generalize across different contexts and situations, which is crucial for effective performance in varied scenarios.
2. Mechanism of Pretraining: Describe how exposing ChatGPT to a wide array of topics, linguistic styles, and situations during pretraining helps the model learn more about the world and various ways of communication, thereby broadening its understanding.
3. Impact on Model's Adaptability: Discuss how enhanced generalization enables ChatGPT to adapt its responses to a wider range of contexts and user needs, leading to better handling of unseen or novel inputs.
4. Distinction from Other Benefits: Clarify why enhancing generalization is distinct from improving response specificity (which relates more to the accuracy of responses to specific inputs), boosting model interpretability, or reducing computational overhead.
5. Detailed and Accurate Explanation: Provide a comprehensive explanation that covers the benefits of pretraining on diverse datasets, detailing how this foundational training process impacts the overall effectiveness and flexibility of the model."
30. What is a potential drawback of using overly complex prompts in prompt engineering for ChatGPT?,A. Limits response flexibility,B. Reduces model robustness,C. Increases computational demands,D. Introduces data sparsity,"Overly complex prompts may limit response flexibility, complicating model understanding and reducing robustness by narrowing applicable scenarios. They don't necessarily increase computational demands or introduce data sparsity directly.",A. Limits response flexibility,"1. Emphasis on Response Flexibility: Ensure the explanation clearly states how overly complex prompts can limit response flexibility by constraining the model’s ability to interpret the prompt and respond in a varied and adaptive manner.
2. Mechanism of Limitation: Describe how complex prompts might lead to a narrower interpretation by the model, forcing it into specific response patterns that reduce its overall responsiveness to varied user intents.
3. Impact on Model Performance: Discuss the practical implications of reduced response flexibility, such as how it may affect the user experience by making interactions with the model feel more rigid and less intuitive.
4. Distinction from Other Drawbacks: Clarify why the primary concern with overly complex prompts is their impact on flexibility rather than directly increasing computational demands or introducing data sparsity.
5. Detailed and Accurate Explanation: Provide a detailed and technically accurate explanation of why overly complex prompts can be detrimental to the effectiveness of prompt engineering, ensuring clarity in how they affect the model's operational dynamics."
31. How does using a diverse training dataset benefit the performance of ChatGPT in generating culturally sensitive responses?,A. Increases response relevance,B. Improves language fluency,C. Reduces bias in outputs,D. Facilitates cross-lingual adaptation,"Diverse training datasets expose ChatGPT to varied cultural contexts, enhancing sensitivity and reducing bias in generated responses by reflecting broader societal norms and perspectives. They don't directly improve relevance, fluency, or cross-lingual adaptation.",C. Reduces bias in outputs,"1. Emphasis on Reducing Bias: Ensure the explanation clearly articulates how using a diverse training dataset helps reduce bias in the outputs of ChatGPT by exposing the model to a wide range of cultural norms and perspectives.
2. Mechanism of Bias Reduction: Describe how exposure to varied cultural contexts during training allows ChatGPT to learn and integrate more inclusive and equitable response patterns, thus minimizing biased or stereotypical responses.
3. Impact on Cultural Sensitivity: Discuss the significance of reducing bias in terms of enhancing cultural sensitivity, making the model more adept at handling inputs from diverse user backgrounds and improving its overall inclusiveness.
4. Distinction from Other Benefits: Clarify why the primary benefit of a diverse training dataset in this context is the reduction of bias rather than directly improving response relevance, language fluency, or facilitating cross-lingual adaptation.
5. Detailed and Accurate Explanation: Provide a detailed and technically accurate explanation of how a diverse training dataset impacts the model's ability to generate culturally sensitive responses, ensuring clarity in how it contributes to a more balanced and fair interaction."
32. Which approach is effective in minimizing the generation of offensive or harmful content by ChatGPT?,A. Implementing content warnings,B. Adversarial training,C. Injecting response diversity,D. Applying toxicity filters,"Applying toxicity filters screens ChatGPT outputs for offensive content, minimizing harmful responses and ensuring safe interactions. Content warnings, adversarial training, and response diversity address other aspects of content management but not specifically toxicity.",D. Applying toxicity filters,"1. Focus on Toxicity Filters: Ensure the explanation clearly highlights how toxicity filters specifically work to screen and prevent offensive or harmful content from being generated by ChatGPT.
2. Mechanism of Toxicity Filters: Describe how toxicity filters are implemented, typically involving algorithms that detect potential offensive language or concepts based on predefined criteria, and block or modify these responses before they reach the user.
3. Distinction from Other Methods: Clarify why toxicity filters are distinct from content warnings (which merely inform users of potential issues), adversarial training (which improves model robustness against attacks), and injecting response diversity (which broadens the range of responses but doesn’t necessarily screen for toxicity).
4. Impact on User Safety: Discuss the importance of minimizing harmful content in ensuring safe and positive user interactions, and how toxicity filters contribute to creating a more controlled and respectful conversational environment.
5. Detailed and Accurate Explanation: Provide a detailed and technically accurate explanation of how applying toxicity filters affects the operational behavior of ChatGPT, ensuring clarity in how they directly contribute to reducing the generation of offensive content."
33. How does applying dropout regularization during training benefit the robustness of ChatGPT models?,A. Reduces overfitting,B. Improves learning speed,C. Enhances response diversity,D. Minimizes memory usage,"Dropout regularization randomly omits model units during training, preventing overfitting and improving generalization in ChatGPT models by diversifying learning patterns. It doesn't directly affect learning speed, response diversity, or memory usage.",A. Reduces overfitting,"1. Emphasis on Reducing Overfitting: Ensure the explanation clearly states how dropout regularization specifically helps to prevent overfitting by randomly omitting a subset of model units during the training process.
2. Mechanism of Dropout Regularization: Describe the technical process of dropout regularization, including how it works by randomly deactivating certain neurons or connections during each training epoch, which helps the model avoid learning overly specific patterns that do not generalize well to new data.
3. Impact on Model Robustness: Discuss how reducing overfitting through dropout enhances the model’s ability to perform consistently across various unseen datasets, thereby improving its robustness and generalization.
4. Distinction from Other Effects: Clarify why dropout regularization does not primarily improve learning speed, enhance response diversity, or minimize memory usage, focusing instead on its role in enhancing model generalization.
5. Detailed and Accurate Explanation: Provide a detailed and technically accurate explanation of dropout regularization, ensuring that it covers how this technique diversifies learning patterns and prevents the model from relying too heavily on any particular feature of the training data."
34. What is the primary role of language models like ChatGPT in improving customer service interactions?,A. Automates response generation,B. Personalizes customer engagement,C. Enhances problem-solving,D. Facilitates transactional processes,"Language models automate response generation in customer service, improving efficiency and consistency in handling queries and interactions. They don't directly personalize engagement, solve problems, or facilitate transactions.",A. Automates response generation,"1. Focus on Automation of Response Generation: Ensure the explanation clearly highlights how language models like ChatGPT primarily function to automate the generation of responses in customer service settings, facilitating quicker and more consistent communication with customers.
2. Mechanism of Automated Responses: Describe how these models are trained on a vast array of conversational data, enabling them to generate relevant and coherent responses automatically, based on the input they receive from users.
3. Distinction from Other Roles: Clarify why the primary benefit is automation, rather than personalizing customer engagement, enhancing problem-solving, or facilitating transactional processes, although these can be secondary benefits.
4. Impact on Customer Service Efficiency: Discuss the importance of automated response generation in terms of improving operational efficiency and consistency in customer service, reducing wait times, and managing higher volumes of queries effectively.
5. Detailed and Accurate Explanation: Provide a detailed and technically accurate explanation of how automation through language models like ChatGPT transforms customer service interactions, ensuring clarity in how they contribute to overall service improvements."
35. How does using self-supervised learning benefit the training of ChatGPT models?,A. Reduces annotation costs,B. Enhances data security,C. Improves model explainability,D. Increases training complexity,"Self-supervised learning leverages unlabeled data to train ChatGPT models, reducing annotation costs and enriching learning without explicit supervision, which doesn't directly enhance data security, explainability, or training complexity.",A. Reduces annotation costs,"1. Emphasis on Reducing Annotation Costs: Ensure the explanation clearly articulates how self-supervised learning reduces the need for annotated data by utilizing unlabeled data, which can significantly lower the costs associated with manually labeling datasets.
2. Mechanism of Self-Supervised Learning: Describe how self-supervised learning methods enable models like ChatGPT to learn from the data itself, often by predicting parts of the input from other parts or by reconstructing the input, thereby gaining useful representations without explicit external labels.
3. Distinction from Other Benefits: Clarify why the primary benefit of self-supervised learning in this context is the reduction in annotation costs, rather than enhancing data security, improving model explainability, or affecting training complexity.
4. Impact on Learning Efficiency and Quality: Discuss how using self-supervised learning not only reduces costs but also enriches the model’s learning experience by exposing it to a broader variety of linguistic patterns and scenarios, which can improve its general performance.
5. Detailed and Accurate Explanation: Provide a comprehensive and technically accurate explanation of self-supervised learning, ensuring that it covers how this training approach leverages existing data to minimize the reliance on costly annotated datasets."
36. Which parameter adjustment is effective in controlling the style of responses generated by ChatGPT?,A. Modifying the temperature parameter,B. Adjusting the learning rate,C. Implementing beam search,D. Reducing the context length,"Modifying the temperature parameter adjusts response creativity and diversity, controlling style variations in ChatGPT outputs without affecting learning rate, beam search, or context length directly.",A. Modifying the temperature parameter,"1. Focus on Temperature Parameter: Ensure the explanation clearly states how modifying the temperature parameter affects the variability and predictability of responses, thus influencing the style of generated content.
2. Mechanism of Temperature Adjustment: Explain how the temperature parameter controls the sharpness of the probability distribution for selecting the next words during response generation. Lower temperatures result in more predictable and conservative responses, while higher temperatures allow for more creativity and randomness.
3. Impact on Response Style: Discuss the practical effects of this parameter on the stylistic aspects of responses, such as formality, creativity, and diversity, illustrating how it can be adjusted to suit different conversational needs or application scenarios.
4. Distinction from Other Parameters: Clarify why adjusting the temperature specifically targets style control, in contrast to the learning rate (which affects the speed and stability of model training), beam search (which influences the selection process for the most likely response), or context length (which determines how much prior conversation the model considers).
5. Detailed and Accurate Explanation: Provide a comprehensive explanation of how temperature influences the generation process, ensuring clarity on how it directly contributes to style variations in ChatGPT responses."
37. How does pretraining on domain-specific corpora benefit the performance of ChatGPT in specialized applications?,A. Enhances response coherence,B. Improves data handling,C. Boosts model scalability,D. Facilitates task adaptation,"Pretraining on domain-specific corpora familiarizes ChatGPT with industry-specific terminology and contexts, optimizing performance and adaptability in handling specialized tasks beyond general applications. It doesn't directly improve coherence, data handling, or scalability.",D. Facilitates task adaptation,"1. Emphasis on Task Adaptation: Ensure the explanation clearly articulates how pretraining on domain-specific corpora enables ChatGPT to adapt to specialized tasks by familiarizing it with relevant terminology and contextual nuances specific to a certain industry or field.
2. Mechanism of Domain-Specific Pretraining: Describe how pretraining on specialized datasets involves the model learning from text that is rich in industry-specific content, which helps it develop a nuanced understanding that is crucial for performing well in specialized applications.
3. Distinction from Other Benefits: Clarify why the primary benefit is facilitating task adaptation, rather than enhancing general response coherence, improving data handling, or boosting scalability, although these may be secondary benefits.
4. Impact on Specialized Performance: Discuss the importance of domain-specific knowledge in improving the model’s effectiveness and efficiency when dealing with specialized queries, thus enhancing its overall utility and accuracy in those specific areas.
5. Detailed and Accurate Explanation: Provide a comprehensive and technically accurate explanation of how pretraining on domain-specific corpora specifically impacts the model’s ability to handle specialized tasks, ensuring clarity in how this training approach enhances adaptability."
38. What role do generative pre-trained transformers (GPT) play in advancing natural language understanding tasks?,A. Optimize model architecture,B. Customize response generation,C. Enhance learning efficiency,D. Improve contextual relevance,"GPT models like ChatGPT improve natural language understanding by leveraging pre-trained transformers, capturing intricate linguistic patterns and enhancing contextual relevance in response generation. They don't optimize architecture, customize responses, or directly enhance learning efficiency.",D. Improve contextual relevance,"1. Emphasis on Contextual Relevance: Ensure the explanation clearly states how GPT models enhance the contextual relevance of responses by effectively understanding and integrating complex linguistic and contextual nuances within conversations.
2. Mechanism of Contextual Relevance Improvement: Describe how the transformer architecture inherent in GPT models, with its ability to process and relate various parts of the input data through self-attention mechanisms, enables a deeper understanding of context.
3. Distinction from Other Contributions: Clarify why the primary role of GPT in natural language understanding is improving contextual relevance, rather than optimizing the model architecture (which is a foundational aspect), customizing response generation (a potential application), or directly enhancing learning efficiency (more related to training processes).
4. Impact on Natural Language Understanding: Discuss the importance of contextual relevance in natural language understanding, emphasizing how GPT models' ability to interpret context improves the quality and applicability of their responses in real-world scenarios.
5. Detailed and Accurate Explanation: Provide a comprehensive and technically accurate explanation of how GPT models leverage their pre-trained, transformer-based architecture to improve natural language understanding, focusing on the enhancement of contextual relevance."
39. How does using reinforcement learning benefit the adaptation of ChatGPT to dynamic environments?,A. Enhances model accuracy,B. Improves learning speed,C. Facilitates continuous learning,D. Boosts computational efficiency,"Reinforcement learning guides ChatGPT through trial-and-error interactions, improving adaptation to changing environments by rewarding optimal responses and refining behavior over time. It doesn't directly enhance accuracy, learning speed, or computational efficiency.",C. Facilitates continuous learning,"1. Focus on Continuous Learning: Ensure the explanation clearly articulates how reinforcement learning facilitates continuous learning for ChatGPT, enabling it to adapt over time through feedback from its environment.
2. Mechanism of Reinforcement Learning: Describe how reinforcement learning operates through a trial-and-error method, where the model receives feedback in the form of rewards or penalties based on the appropriateness of its responses, thereby learning to refine its behavior to maximize rewards.
3. Distinction from Other Benefits: Clarify why the primary benefit of using reinforcement learning is continuous adaptation, rather than directly improving accuracy (which is more about response correctness), increasing learning speed (which pertains to how quickly a model can be trained), or boosting computational efficiency (which involves resource utilization).
4. Impact on Adaptation to Dynamic Environments: Discuss the importance of being able to continuously learn and adapt in dynamic or changing environments, highlighting how reinforcement learning supports this by enabling ongoing adjustments to the model's strategies based on new information.
5. Detailed and Accurate Explanation: Provide a comprehensive and technically accurate explanation of how reinforcement learning specifically impacts the model's ability to adapt and improve continuously, ensuring clarity on how this method supports effective performance in variable contexts."
40. Which parameter adjustment is effective in controlling the coherence of responses generated by ChatGPT in multi-turn conversations?,A. Adjusting the repetition penalty,B. Implementing dialogue state tracking,C. Reducing the temperature parameter,D. Modifying the response length,"Implementing dialogue state tracking maintains context across turns, enhancing coherence in multi-turn conversations by preserving continuity and relevance in ChatGPT responses. It doesn't directly adjust repetition penalty, temperature, or response length.",B. Implementing dialogue state tracking,"1. Emphasis on Dialogue State Tracking: Ensure the explanation clearly states how implementing dialogue state tracking helps maintain contextual continuity across multiple turns in a conversation, thereby enhancing the coherence of responses.
2. Mechanism of Dialogue State Tracking: Describe how dialogue state tracking functions by retaining information from previous interactions within a conversation. This enables the model to reference relevant past dialogue elements, ensuring that responses are contextually appropriate and logically connected.
3. Distinction from Other Parameters: Clarify why dialogue state tracking specifically addresses coherence in multi-turn conversations, as opposed to adjusting the repetition penalty (which reduces redundancy), reducing the temperature parameter (which affects randomness), or modifying the response length (which impacts verbosity).
4. Impact on Multi-Turn Conversation Coherence: Discuss the critical role of coherence in multi-turn conversations, emphasizing how dialogue state tracking supports this by enabling ChatGPT to remember and utilize past dialogue context effectively.
5. Detailed and Accurate Explanation: Provide a comprehensive and technically accurate explanation of how implementing dialogue state tracking directly contributes to improving the coherence of responses in multi-turn conversations, ensuring clarity on its operation and benefits."
41. How does incorporating real-time feedback benefit the performance of ChatGPT in interactive applications?,A. Enhances response accuracy,B. Improves learning efficiency,C. Facilitates user engagement,D. Boosts computational speed,"Real-time feedback adjusts ChatGPT responses based on immediate user input, improving accuracy and responsiveness in interactive applications by adapting to user preferences and evolving contexts. It doesn't directly improve learning efficiency, user engagement, or computational speed.",A. Enhances response accuracy,"1. Emphasis on Enhancing Response Accuracy: Ensure the explanation clearly states how real-time feedback directly contributes to improving the accuracy of responses by allowing ChatGPT to adjust based on immediate user inputs, aligning more closely with user expectations and contextual nuances.
2. Mechanism of Real-Time Feedback: Describe how real-time feedback works in interactive applications, where user responses can immediately influence the direction and content of ChatGPT’s replies, allowing the model to refine its answers based on user reactions or corrections.
3. Distinction from Other Benefits: Clarify why the primary benefit of real-time feedback is enhancing response accuracy rather than improving learning efficiency (which relates to the speed and effectiveness of the model’s training process), facilitating user engagement (which is more about how users interact with the system), or boosting computational speed (which involves the processing power of the model).
4. Impact on Interactive Applications: Discuss the importance of response accuracy in interactive applications such as customer service, virtual assistance, or educational tools, where precise and contextually appropriate responses are critical for success and user satisfaction.
5. Detailed and Accurate Explanation: Provide a comprehensive and technically accurate explanation of how real-time feedback enhances the performance of ChatGPT by improving the accuracy of responses, ensuring clarity on its practical applications and benefits."
42. What is the primary role of attention mechanisms in the architecture of GPT models like ChatGPT?,A. Optimizes token selection,B. Improves model interpretability,C. Enhances memory management,D. Focuses input relevance,"Attention mechanisms in GPT models prioritize input tokens during processing, focusing model attention and improving understanding and relevance in response generation. They don't specifically optimize token selection, interpretability, or manage memory.",D. Focuses input relevance,"1. Emphasis on Focusing Input Relevance: Ensure the explanation clearly states how attention mechanisms prioritize the most relevant parts of the input, thereby focusing the model’s processing on the aspects that are most likely to inform a coherent and contextually appropriate response.
2. Mechanism of Attention in GPT Models: Describe how the self-attention mechanism works in GPT models, explaining how it assesses and weights different parts of the input based on their relevance to the task at hand, which allows the model to dynamically focus on the most informative tokens during each step of the generation process.
3. Distinction from Other Functions: Clarify why the primary role of attention mechanisms is to focus input relevance rather than optimizing token selection (which is about choosing the next token in sequence), improving model interpretability (which involves understanding how decisions are made within the model), or enhancing memory management (which relates to how information is stored and retrieved).
4. Impact on Response Generation: Discuss the importance of focusing on relevant input in enhancing the quality of responses generated by ChatGPT, especially in complex and nuanced conversational contexts where multiple threads or topics may be involved.
5. Detailed and Accurate Explanation: Provide a comprehensive and technically accurate explanation of how attention mechanisms function within GPT models, ensuring clarity on how they contribute to improving the relevance and effectiveness of responses."
43. How does adjusting the diversity penalty parameter affect the variety of responses generated by ChatGPT?,A. Reduces response creativity,B. Increases response repetition,C. Controls token sampling,D. Enhances model training,"Diversity penalty adjusts response generation by penalizing or rewarding diversity in outputs, influencing response variety and balance in ChatGPT dialogue without directly limiting creativity, increasing repetition, or controlling token sampling.",C. Controls token sampling,"1. Focus on Token Sampling Control: Ensure the explanation clearly articulates how the diversity penalty parameter influences the model's token sampling strategy, impacting how diverse the selected tokens are during the generation process.
2. Mechanism of Diversity Penalty: Describe how adjusting the diversity penalty parameter can penalize or reward the selection of more diverse or repetitive tokens, thereby influencing the variety and balance of the generated responses. This can be configured to either increase the diversity of responses by promoting less frequent tokens or decrease it by favoring more common tokens.
3. Distinction from Other Effects: Clarify that the primary role of the diversity penalty is to control how tokens are sampled during response generation, as opposed to directly enhancing model training, reducing creativity, or increasing repetition, although these aspects can be indirectly affected.
4. Impact on Response Variety: Discuss the importance of controlling token sampling in maintaining a balance between coherence and variety in ChatGPT's responses, which is crucial for generating engaging and contextually appropriate dialogue.
5. Detailed and Accurate Explanation: Provide a comprehensive and technically accurate explanation of how the diversity penalty parameter functions within the model, ensuring clarity on how it affects the selection process for generating responses and contributes to the overall performance of ChatGPT."
44. What is a potential drawback of using high-dimensional input embeddings in training ChatGPT models?,A. Increases model training time,B. Reduces input sensitivity,C. Introduces model bias,D. Limits context understanding,"High-dimensional embeddings in ChatGPT models may prolong training times and computational demands, complicating model training and potentially introducing biases or reducing input sensitivity. They don't necessarily limit context understanding directly.",A. Increases model training time,"1. Emphasis on Increased Training Time: Ensure the explanation clearly states how using high-dimensional input embeddings can significantly increase the time required for training ChatGPT models, due to the larger amount of data that must be processed during each learning iteration.
2. Mechanism of Impact from High-Dimensional Embeddings: Describe how high-dimensional embeddings, while potentially capturing more detailed and nuanced features of the input data, also require more computational resources to process, which can slow down training processes and increase overall computational demands.
3. Distinction from Other Potential Drawbacks: Clarify that the primary concern with high-dimensional embeddings is the increase in model training time, rather than directly introducing model bias or reducing input sensitivity, though these could be secondary effects due to the complexity of managing larger input spaces.
4. Broader Impact on Model Efficiency: Discuss the trade-offs involved in using high-dimensional embeddings, such as the balance between capturing more detailed information and the efficiency of model training and operation.
5. Detailed and Accurate Explanation: Provide a comprehensive and technically accurate explanation of how high-dimensional input embeddings affect the training dynamics of ChatGPT, ensuring clarity on the implications for computational resources and training time."
45. How does adjusting the response length parameter affect the coherence of responses generated by ChatGPT?,A. Enhances narrative structure,B. Improves response relevance,C. Controls output verbosity,D. Reduces contextual depth,"Adjusting response length parameterizes ChatGPT output length, enhancing coherence and narrative structure by managing output verbosity and contextual depth in generated responses. It doesn't directly improve relevance or control verbosity.",A. Enhances narrative structure,"1. Emphasis on Enhancing Narrative Structure: Ensure the explanation clearly states how adjusting the response length parameter can enhance the narrative structure of responses by allowing for more detailed explanations or summaries, depending on the desired output length.
2. Mechanism of Response Length Adjustment: Describe how the response length parameter influences the amount of information ChatGPT includes in its responses, which can lead to more structured and logically flowing narratives when set to allow longer responses.
3. Impact on Coherence and Verbosity: Discuss how a well-adjusted response length can manage verbosity effectively, preventing responses from being too terse or overly verbose, which contributes to the overall coherence and engagement of the narrative.
4. Distinction from Other Effects: Clarify that while adjusting response length primarily enhances narrative structure, it does not directly control the overall verbosity (as this is a part of how it enhances structure) or reduce contextual depth, but rather it optimizes these aspects to fit the intended narrative length.
5. Detailed and Accurate Explanation: Provide a comprehensive and technically accurate explanation of how adjusting the response length parameter affects the construction of responses in ChatGPT, ensuring clarity on how it contributes to more coherent and structured narratives."
46. Which technique is effective in minimizing the generation of biased responses by ChatGPT in diverse user interactions?,A. Implementing debiasing algorithms,B. Enhancing data preprocessing,C. Reducing model complexity,D. Adjusting response diversity,"Implementing debiasing algorithms adjusts ChatGPT outputs to reduce biases in diverse interactions, improving fairness and accuracy in user responses. Data preprocessing, model complexity, and response diversity address other aspects of model behavior but not specifically biases.",A. Implementing debiasing algorithms,"1. Emphasis on Debiasing Algorithms: Ensure the explanation clearly states how implementing debiasing algorithms specifically targets and mitigates biases within ChatGPT's responses, making the model's interactions more equitable across diverse user groups.
2. Mechanism of Debiasing Algorithms: Describe how debiasing algorithms work to identify and adjust biases in the model’s training data or responses, typically by reweighting or altering the training process to reduce the influence of biased data patterns.
3. Distinction from Other Techniques: Clarify that while data preprocessing, reducing model complexity, and adjusting response diversity are important for overall model optimization, they do not directly address the reduction of biases in the way that debiasing algorithms do.
4. Impact on Fairness and Accuracy: Discuss the importance of reducing biases in maintaining fairness and improving the accuracy of responses, particularly in scenarios involving diverse user demographics and contexts.
5. Detailed and Accurate Explanation: Provide a comprehensive and technically accurate explanation of how debiasing algorithms enhance the performance of ChatGPT by reducing biased outputs, ensuring clarity on the practical applications and benefits of this approach."
47. How does using the beam search technique benefit the fluency of responses generated by ChatGPT?,A. Improves response diversity,B. Enhances response coherence,C. Facilitates real-time interaction,D. Reduces response variability,"Beam search optimizes ChatGPT responses by selecting top-scoring outputs, improving fluency and coherence in generated dialogue without directly affecting diversity or real-time interaction.",B. Enhances response coherence,"1. Focus on Enhancing Response Coherence: Ensure the explanation clearly states how beam search contributes to enhancing the coherence of responses by systematically exploring multiple potential outputs and selecting the most logically consistent ones.
2. Mechanism of Beam Search: Describe how beam search operates by maintaining a fixed number of the best solution candidates (the 'beam') at each step of the response generation process, which allows it to evaluate a broader range of possibilities and hone in on the most coherent continuation based on the context.
3. Distinction from Other Effects: Clarify that while beam search primarily enhances coherence, it does not necessarily improve response diversity, as it may actually reduce diversity by focusing on the most likely responses. It also doesn't inherently facilitate real-time interaction due to its computationally intensive nature.
4. Impact on Dialogue Quality: Discuss the importance of coherence in dialogue systems, especially in scenarios requiring detailed or complex responses, and how beam search ensures that responses are both fluent and contextually appropriate.
5. Detailed and Accurate Explanation: Provide a comprehensive and technically accurate explanation of how beam search affects the generation process in ChatGPT, ensuring clarity on how it optimizes for coherence over other potential response characteristics."
48. What role does prompt reformulation play in improving the performance of ChatGPT in understanding complex queries?,A. Enhances query specificity,B. Reduces query ambiguity,C. Simplifies query processing,D. Optimizes query relevance,"Prompt reformulation clarifies ChatGPT input by refining queries, enhancing model understanding and accuracy in responding to complex or ambiguous inputs. It doesn't directly enhance specificity, simplify processing, or optimize relevance.",B. Reduces query ambiguity,"1. Focus on Reducing Query Ambiguity: Ensure the explanation clearly states how prompt reformulation helps to clarify the user's input by refining and rephrasing queries to reduce ambiguity, which can significantly improve ChatGPT’s ability to understand and accurately respond to complex queries.
2. Mechanism of Prompt Reformulation: Describe how reformulating a prompt involves adjusting the wording or structure of the original query to make it clearer and more direct, which helps the model grasp the intended meaning and reduces the likelihood of misinterpretation.
3. Distinction from Other Effects: Clarify that while prompt reformulation primarily targets reducing ambiguity, it does not necessarily enhance the specificity of a query (which relates to the detail or precision of the query), simplify the processing of the query (which concerns computational aspects), or optimize the relevance (which would imply adjusting content to match user interest more closely).
4. Impact on Model Performance: Discuss the importance of reducing ambiguity in natural language processing, especially in cases involving complex or poorly structured queries, and how prompt reformulation directly contributes to more accurate and appropriate responses.
5. Detailed and Accurate Explanation: Provide a comprehensive and technically accurate explanation of how prompt reformulation affects ChatGPT’s processing of inputs, ensuring clarity on how it enhances understanding and improves response accuracy by addressing ambiguity."
49. How does using GPT models benefit the automation of content creation tasks?,A. Increases content diversity,B. Improves content originality,C. Enhances content relevance,D. Facilitates content personalization,"GPT models automate content creation by generating diverse, original, and relevant outputs, optimizing efficiency and consistency in producing engaging materials. They don't directly facilitate personalization but enhance variety and quality.",B. Improves content originality,"1. Focus on Improving Content Originality: Ensure the explanation clearly states how GPT models contribute to improving the originality of content by leveraging advanced language generation capabilities, which allow them to produce unique and creative outputs that might not be easily replicated through manual efforts.
2. Mechanism of Content Generation: Describe how GPT models use their vast pre-training on diverse datasets to generate novel content ideas and articulate these in ways that are both inventive and contextually appropriate, drawing from a broad base of knowledge and styles.
3. Distinction from Other Benefits: Clarify that while GPT models also enhance content diversity and relevance, the key benefit in terms of content creation is their ability to produce original content, distinct from facilitating personalization (which would involve tailoring content to individual preferences and is not a direct outcome of GPT's general capabilities).
4. Impact on Content Creation Efficiency: Discuss the importance of originality in content creation, particularly in fields such as marketing, journalism, and creative writing, where standing out with unique content is crucial. Highlight how GPT models streamline this process by automating the generation of innovative ideas and expressions.
5. Detailed and Accurate Explanation: Provide a comprehensive and technically accurate explanation of how GPT models operate to enhance originality in content creation, ensuring clarity on how they transform the landscape of content production through automation."
50. Which parameter adjustment is effective in enhancing the adaptability of ChatGPT models to different language styles?,A. Adjusting the temperature parameter,B. Modifying the presence penalty,C. Implementing translation mapping,D. Reducing context window size,"Modifying the presence penalty adjusts ChatGPT style variation by penalizing similar outputs, enhancing adaptability to diverse language styles without directly affecting temperature, translation mapping, or context window size.",B. Modifying the presence penalty,"1. Focus on Presence Penalty Adjustment: Ensure the explanation clearly states how modifying the presence penalty helps adapt ChatGPT models to various language styles by penalizing repetitive or similar outputs, thus encouraging more varied and style-adaptive responses.
2. Mechanism of Presence Penalty: Describe how the presence penalty works by reducing the likelihood that the model will repeat the same words or phrases, thus forcing it to explore different ways of expressing similar ideas, which in turn enhances its ability to adapt to different language styles.
3. Distinction from Other Parameters: Clarify that adjusting the presence penalty specifically targets enhancing style variation, unlike adjusting the temperature parameter (which affects randomness), implementing translation mapping (which deals with language translation), or reducing the context window size (which affects how much prior context the model considers).
4. Impact on Language Style Adaptability: Discuss the importance of being able to adapt to different language styles in applications such as content generation across diverse cultural contexts or personalized communication, where capturing the unique style of the text can significantly enhance engagement and effectiveness.
5. Detailed and Accurate Explanation: Provide a comprehensive and technically accurate explanation of how modifying the presence penalty influences ChatGPT's performance in adapting to different language styles, ensuring clarity on the practical implications of this parameter adjustment."
